Category,Title,Grade,Serial,Status,"Curated Date",Location,"Market Value","Purchase Price","Insurance Value"
Pokémon,"1996 Pokemon Japanese Bandai Carddass Vending Prism Zapdos #145 PSA 8 NM-MT","PSA 8",61191978,Curated,9/18/25,Durham,80,,80
Pokémon,"1996 Pokémon Japanese Base Set Holo Gyarados #130 CGC 8.5 NM-MT+","CGC 8.5",3831886042,Curated,9/18/25,Durham,79,,79
Pokémon,"1996 Pokemon Japanese Base Set Holo Hitmonchan #107 CGC 10 GEM MINT","CGC 10",1401023816152,Curated,9/18/25,Durham,189,,189
Pokémon,"1997 Pokemon Japanese Bandai Carddass Animation Opening Mew #1 CGC 10 GEM MINT","CGC 10",6017405045,Curated,9/18/25,Durham,85,,85
Pokémon,"1997 Pokemon Japanese Bandai Carddass Animation Opening Mew #1 CGC 10 GEM MINT","CGC 10",6017405046,Curated,9/18/25,Durham,85,,85
Pokémon,"1997 Pokemon Japanese Fossil Holo Moltres #146 CGC 9 MINT","CGC 9",6069900003,Curated,9/19/25,Durham,68,,68
Pokémon,"1997 Pokemon Japanese Meiji Promo Foil Hanada Gym 3 Sisters PSA 8 NM-MT","PSA 8",94650089,Curated,9/18/25,Durham,136,,136
Pokémon,"1997 Pokemon Japanese Rocket Gang Grimer #88 PSA 9 MINT","PSA 9",109541850,Curated,9/18/25,Durham,116,,116
Pokémon,"1997 Pokémon Japanese Rocket Gang Holo Dark Dragonite #149 CGC 8 NM-MT","CGC 8",3831886117,Curated,9/18/25,Durham,74.4,,74.4
Pokémon,"1997 Pokemon Japanese Topsun Blue Back Machoke #67 CGC 10 GEM MINT","CGC 10",6016885010,Curated,9/18/25,Durham,270,,270
Pokémon,"1997 Pokemon Japanese Topsun Charizard Vs Gengar #6 CGC 8 NM-MT","CGC 8",1401039615090,Curated,9/19/25,Durham,97,,97
Pokémon,"1998 Pokemon Japanese Bandai Carddass Vending Team Rocket #40 PSA 10 GEM MINT","PSA 10",70858634,Curated,9/18/25,Durham,131,,131
Pokémon,"1998 Pokemon Japanese Meiji Promo Prism Blastoise & Charizard #21 PSA 7 NRMT","PSA 7",45502081,Curated,9/18/25,Durham,167,,167
Pokémon,"1998 Pokemon Japanese Meiji Promo Prism Blastoise & Charizard #21 PSA 7 NRMT","PSA 7",71260171,Curated,9/18/25,Durham,167,,167
Pokémon,"1998 Pokemon Japanese Meiji Promo Prism Brock & Misty #29 PSA 7 NRMT","PSA 7",64807452,Curated,9/18/25,Durham,94,,94
Pokémon,"1998 Pokemon Japanese Meiji Promo Prism Meowth #27 PSA 7 NRMT","PSA 7",45502085,Curated,9/18/25,Durham,72,,72
Pokémon,"1998 Pokemon Japanese Meiji Promo Prism Mewtwo #24 PSA 7 NRMT","PSA 7",95562107,Curated,9/18/25,Durham,121,,121
Pokémon,"1998 Pokemon Japanese Meiji Promo Prism Mewtwo Close Up #5 PSA 7 NRMT","PSA 7",83882413,Curated,9/18/25,Durham,175,,175
Pokémon,"1998 Pokemon Japanese Meiji Promo Prism Mewtwo Close Up #5 PSA 7 NRMT","PSA 7",74493535,Curated,9/18/25,Durham,175,,175
Pokémon,"1998 Pokemon Japanese Meiji Promo Prism Sad Pikachu #28 PSA 7 NRMT","PSA 7",48712955,Curated,9/18/25,Durham,103,,103
Pokémon,"1998 Pokemon Japanese Meiji Promo Prism Team Rocket #18 PSA 7 NRMT","PSA 7",74459339,Curated,9/18/25,Durham,90,,90
Pokémon,"1998 Pokemon Japanese Meiji Promo Prism Team Rocket #18 PSA 7 NRMT","PSA 7",63110633,Curated,9/18/25,Durham,91,,91
Pokémon,"1998 Pokemon Japanese Meiji Promo Prism Togepi Crying #36 PSA 7 NRMT","PSA 7",55375064,Curated,9/18/25,Durham,96,,96
Pokémon,"1998 Pokemon Japanese Meiji Promo Prism Venusaur #20 PSA 7 NRMT","PSA 7",70110428,Curated,9/18/25,Durham,102,,102
Pokémon,"1998 Pokemon Japanese Meiji Promo Prism Venusaur #20 PSA 9 MINT","PSA 9",54235239,Curated,9/18/25,Durham,646,,646
Pokémon,"1998 Pokemon Japanese Phone Card Mewtwo Strikes Back 3 BGS 9.5 GEM MINT","BGS 9.5",0016902422,Curated,9/18/25,Durham,200,,200
Pokémon,"1998 Pokemon Japanese Vending Series 1 Doduo #84 PSA 9 MINT","PSA 9",59792782,Curated,9/19/25,Durham,92,,92
Pokémon,"1999 Pokemon Base Set E3 Stamp Yellow Cheeks Pikachu #58 CGC 8.5 NM-MT+","CGC 8.5",1401035602003,Curated,9/18/25,Durham,89,,89
Pokémon,"1999 Pokemon Base Set Holo Alakazam #1 CGC 8.5 NM-MT+","CGC 8.5",6071131001,Curated,9/18/25,Durham,70,,70
Pokémon,"1999 Pokemon Base Set Holo Hitmonchan #7 PSA 9 MINT","PSA 9",48346495,Curated,9/19/25,Durham,165,,165
Pokémon,"1999 Pokemon Base Set Holo Poliwrath #13 CGC 8.5 NM-MT+","CGC 8.5",6069900010,Curated,9/19/25,Durham,73,,73
Pokémon,"1999 Pokemon Base Set Shadowless 1st Ed Imposter Professor Oak #73 CGC 9 MINT","CGC 9",3747416011,Curated,9/18/25,Durham,89,,89
Pokémon,"1999 Pokemon Base Set Shadowless 1st Edition Beedrill #17 CGC 7.5 NRMT+","CGC 7.5",6072421026,Curated,9/18/25,Durham,278,,278
Pokémon,"1999 Pokemon Base Set Shadowless 1st Edition Computer Search #71 CGC 9 MINT","CGC 9",6072428008,Curated,9/18/25,Durham,149,,149
Pokémon,"1999 Pokemon Base Set Shadowless 1st Edition Dugtrio #19 CGC 8.5 NM-MT+","CGC 8.5",6072421028,Curated,9/18/25,Durham,137,,137
Pokémon,"1999 Pokemon Base Set Shadowless 1st Edition Gray Stamp PlusPower #84 CGC 8.5","CGC 8.5",6072428021,Curated,9/18/25,Durham,90,,90
Pokémon,"1999 Pokemon Base Set Shadowless 1st Edition Impostor Professor Oak #73 PSA 8","PSA 8",55293053,Curated,9/18/25,Durham,79,,79
Pokémon,"1999 Pokemon Base Set Shadowless 1st Edition Lass #75 CGC 8 NM-MT","CGC 8",6072428012,Curated,9/18/25,Durham,86,,86
Pokémon,"1999 Pokemon Base Set Shadowless 1st Edition Onix #56 CGC 8.5 NM-MT+","CGC 8.5",6072428094,Curated,9/19/25,Durham,110,,110
Pokémon,"1999 Pokemon Base Set Shadowless 1st Edition Squirtle #63 CGC 7.5 NRMT+","CGC 7.5",6046924220,Curated,9/18/25,Durham,193,,193
Pokémon,"1999 Pokemon Fossil Holo Dragonite #4 PSA 6 EXMT","PSA 6",86968368,Curated,9/18/25,Durham,63,,63
Pokémon,"1999 Pokemon Japanese CD Promo Holo Blastoise #9 PSA 6 EXMT","PSA 6",117153678,Curated,9/19/25,Durham,166,,166
Pokémon,"1999 Pokemon Japanese CD Promo Holo Charizard #6 PSA 6 EXMT","PSA 6",82581402,Curated,9/19/25,Durham,425,,425
Pokémon,"1999 Pokemon Japanese Center Phone Card Horizontal The Power Of One PSA 10 GEM","PSA 10",85184927,Curated,9/18/25,Durham,105,,105
Pokémon,"1999 Pokemon Japanese Squirtle Deck Holo Blastoise #9 CGC 8.5 NM-MT+","CGC 8.5",6079502007,Curated,9/18/25,Durham,239,,239
Pokémon,"1999 Topps Pokemon TV Diglett #50 PSA 10 GEM MINT","PSA 10",120523193,Curated,9/18/25,Durham,68,,68
Pokémon,"2000 Pokemon Gym Challenge Holo Giovanni's Nidoking #7 CGC 8.5 NM-MT+","CGC 8.5",6073206012,Curated,9/18/25,Durham,109,,109
Pokémon,"2000 Pokemon Gym Challenge Holo Koga #19 CGC 10 GEM MINT","CGC 10",6057537005,Curated,9/18/25,Durham,171,,171
Pokémon,"2000 Pokemon Gym Heroes 1st Edition Holo Brock #15 CGC 9 MINT","CGC 9",6049249016,Curated,9/19/25,Durham,191,,191
Pokémon,"2000 Pokemon Gym Heroes Holo Lt. Surge's Fearow #7 CGC 8 NM-MT","CGC 8",6051488004,Curated,9/19/25,Durham,80,,80
Pokémon,"2000 Pokemon Gym Heroes Holo Rocket's Scyther #13 CGC 8.5 NM-MT+","CGC 8.5",3828228003,Curated,9/18/25,Durham,85,,85
Pokémon,"2000 Pokemon Japanese Meiji Promo Blue Foil Sudowoodo PSA 9 MINT","PSA 9",63066232,Curated,9/18/25,Durham,144,,144
Pokémon,"2000 Pokemon Japanese Meiji Promo Blue Foil Sudowoodo PSA 9 MINT","PSA 9",63066233,Curated,9/19/25,Durham,146,,146
Pokémon,"2000 Pokemon Japanese Meiji Promo Cards Blue Foil Pikachu CGC 8.5 NM-MT+","CGC 8.5",6061763001,Curated,9/18/25,Durham,124,,124
Pokémon,"2000 Pokemon Japanese Meiji Promo Gold Foil Ledyba Rediba PSA 9 MINT","PSA 9",63039210,Curated,9/18/25,Durham,90,,90
Pokémon,"2000 Pokemon Japanese Meiji Promo Silver Foil Miltank PSA 8 NM-MT","PSA 8",64807425,Curated,9/19/25,Durham,96,,96
Pokémon,"2000 Pokemon Japanese Meiji Promo Silver Foil Miltank PSA 8 NM-MT","PSA 8",66382132,Curated,9/19/25,Durham,96,,96
Pokémon,"2000 Pokemon Japanese Neo 2 Holo Houndour #228 CGC 8.5 NM-MT+","CGC 8.5",3868058085,Curated,9/19/25,Durham,71,,71
Pokémon,"2000 Pokemon Neo Genesis Holo Typhlosion #17 CGC 8.5 NM-MT+","CGC 8.5",6068305004,Curated,9/18/25,Durham,199,,199
Pokémon,"2000 Pokemon Team Rocket Dark Charmeleon #32 CGC 10 GEM MINT","CGC 10",6079307002,Curated,9/19/25,Durham,102.5,,102.5
Pokémon,"2001 Pokemon Japanese Darkness And To Light Holo Shining Mewtwo CGC 7 NRMT","CGC 7",6070551068,Curated,9/19/25,Durham,1170,,1170
Pokémon,"2001 Pokemon Japanese Meiji Promo Silver Foil Croconaw PSA 9 MINT","PSA 9",64608933,Curated,9/18/25,Durham,76,,76
Pokémon,"2001 Pokemon Neo Discovery 1st Edition Holo Kabutops #6 PSA 5 EX","PSA 5",48334322,Curated,9/18/25,Durham,105,,105
Pokémon,"2001 Pokemon Neo Discovery 1st Edition Holo Ursaring #15 CGC 8.5 NM-MT+","CGC 8.5",6072425080,Curated,9/18/25,Durham,79,,79
Pokémon,"2001 Pokemon Neo Discovery 1st Edition Holo Yanma #17 CGC 8 NM-MT","CGC 8",6072425082,Curated,9/18/25,Durham,80,,80
Pokémon,"2001 Pokemon Neo Discovery 1st Edition Umbreon #32 CGC 9 MINT","CGC 9",6072425086,Curated,9/19/25,Durham,577,,577
Pokémon,"2001 Pokemon Neo Discovery 1st Edition Unown A #33 PSA 10 GEM MINT","PSA 10",42023976,Curated,9/18/25,Durham,101,,101
Pokémon,"2001 Pokemon Neo Discovery Holo Houndoom #4 CGC 8 NM-MT","CGC 8",6079287006,Curated,9/19/25,Durham,66,,66
Pokémon,"2001 Pokemon Neo Revelation 1st Edition Holo Crobat #4 BGS 8.5 NM-MT+","BGS 8.5",0017607357,Curated,9/19/25,Durham,100,,100
Pokémon,"2002 Pokemon Expedition Blastoise #37 CGC 9 MINT","CGC 9",6072420092,Curated,9/18/25,Durham,166,,166
Pokémon,"2002 Pokemon Expedition Flaaffy #77 PSA 9 MINT","PSA 9",121143232,Curated,9/18/25,Durham,52,,52
Pokémon,"2002 Pokemon Expedition Holo Ampharos #2 CGC 8 NM-MT","CGC 8",6072420057,Curated,9/18/25,Durham,129,,129
Pokémon,"2002 Pokemon Expedition Holo Dragonite #9 CGC 9 MINT","CGC 9",6072420064,Curated,9/19/25,Durham,699,,699
Pokémon,"2002 Pokemon Expedition Holo Golem #14 CGC 9 MINT","CGC 9",4143519022,Curated,9/18/25,Durham,90,,90
Pokémon,"2002 Pokemon Expedition Reverse Holo Ampharos #2 CGC 8 NM-MT","CGC 8",6072428056,Curated,9/19/25,Durham,71,,71
Pokémon,"2002 Pokemon Expedition Reverse Holo Dragonite #43 CGC 9 MINT","CGC 9",6072424069,Curated,9/18/25,Durham,208,,208
Pokémon,"2002 Pokemon Expedition Reverse Holo Feraligatr #46 CGC 9 MINT","CGC 9",6072424072,Curated,9/18/25,Durham,82,,82
Pokémon,"2002 Pokemon Japanese McDonald's Promo Umbreon #25/P PSA 1 PR","PSA 1",79147574,Curated,9/18/25,Durham,153,,153
Pokémon,"2002 Pokemon Legendary Collection Holo Machamp #15 CGC 9 MINT","CGC 9",6072426081,Curated,9/18/25,Durham,84,,84
Pokémon,"2002 Pokemon Legendary Collection Reverse Holo Charizard #3 CGC 9 MINT","CGC 9",6070551005,Curated,9/19/25,Durham,4664,,4664
Pokémon,"2002 Pokemon Legendary Collection Reverse Holo Doduo #71 CGC 7.5 NRMT+","CGC 7.5",6072427028,Curated,9/18/25,Durham,103,,103
Pokémon,"2002 Pokemon Legendary Collection Reverse Holo Electrode #22 CGC 8.5 NM-MT+","CGC 8.5",6072420010,Curated,9/18/25,Durham,133,,133
Pokémon,"2002 Pokemon Legendary Collection Reverse Holo Geodude #77 CGC 9 MINT","CGC 9",6072427034,Curated,9/18/25,Durham,137,,137
Pokémon,"2002 Pokemon Legendary Collection Reverse Holo Graveler #44 CGC 9 MINT","CGC 9",1401036326166,Curated,9/19/25,Durham,104,,104
Pokémon,"2002 Pokemon Legendary Collection Reverse Holo Kakuna #50 CGC 9 MINT","CGC 9",6072425053,Curated,9/18/25,Durham,154,,154
Pokémon,"2002 Pokemon Legendary Collection Reverse Holo Mankey #81 CGC 9 MINT","CGC 9",6072427038,Curated,9/18/25,Durham,129,,129
Pokémon,"2002 Pokemon Legendary Collection Reverse Holo Pidgey #85 CGC 9 MINT","CGC 9",6072427042,Curated,9/18/25,Durham,151,,151
Pokémon,"2002 Pokemon Legendary Collection Reverse Holo Raticate #61 CGC 8.5 NM-MT+","CGC 8.5",6072425064,Curated,9/18/25,Durham,116,,116
Pokémon,"2002 Pokemon Neo Destiny 1st Edition Holo Dark Crobat #2 CGC 9 MINT","CGC 9",6072424005,Curated,9/18/25,Durham,194,,194
Pokémon,"2002 Pokemon Neo Destiny 1st Edition Holo Light Arcanine #12 CGC 9 MINT","CGC 9",6072424014,Curated,9/19/25,Durham,777,,777
Pokémon,"2002 Pokemon Neo Destiny 1st Edition Holo Light Azumarill #13 CGC 8.5 NM-MT+","CGC 8.5",6072424015,Curated,9/18/25,Durham,84,,84
Pokémon,"2003 Pokemon Aquapolis Holo Blissey #H6 CGC 9 MINT","CGC 9",6072425089,Curated,9/18/25,Durham,138,,138
Pokémon,"2003 Pokemon Aquapolis Holo Hypno #H12 PSA 7 NRMT","PSA 7",47725742,Curated,9/18/25,Durham,111,,111
Pokémon,"2003 Pokemon Aquapolis Reverse Holo Fire Cube 01 #122 PSA 10 GEM MINT","PSA 10",41354997,Curated,9/18/25,Durham,171,,171
Pokémon,"2003 Pokemon EX Dragon Holo Kingdra ex #92 CGC 9 MINT","CGC 9",6072420028,Curated,9/18/25,Durham,99,,99
Pokémon,"2003 Pokemon EX Sandstorm Reverse Holo Arcanine #15 CGC 9 MINT","CGC 9",6072420047,Curated,9/19/25,Durham,73,,73
Pokémon,"2003 Pokemon EX Sandstorm Reverse Holo Duskull #61 CGC 10 GEM MINT","CGC 10",6059335022,Curated,9/18/25,Durham,143,,143
Pokémon,"2003 Pokemon Japanese Expansion Pack 1st Ed Holo Mightyena #48 CGC 10 GEM MINT","CGC 10",6002000075,Curated,9/19/25,Durham,106,,106
Pokémon,"2003 Pokemon Japanese Expansion Pack 1st Edition Holo Hitmonchan ex #30 PSA 9","PSA 9",72691948,Curated,9/19/25,Durham,105,,105
Pokémon,"2003 Pokemon Japanese Miracle Of The Desert Holo Lunatone #29 PSA 10 GEM MINT","PSA 10",120647705,Curated,9/19/25,Durham,73,,73
Pokémon,"2003 Pokemon Japanese Movie Commemoration Vs Pack Wish Maker #019 PSA 10 GEM","PSA 10",58077715,Curated,9/18/25,Durham,110,,110
Pokémon,"2003 Pokemon Skyridge Holo Arcanine #H2 CGC 8.5 NM-MT+","CGC 8.5",6072778010,Curated,9/19/25,Durham,713,,713
Pokémon,"2003 Pokemon Skyridge Holo Dewgong #H6 CGC 9 MINT","CGC 9",6072424035,Curated,9/18/25,Durham,200,,200
Pokémon,"2003 Pokemon Skyridge Holo Magneton #H18 CGC 9 MINT","CGC 9",6072424044,Curated,9/18/25,Durham,231,,231
Pokémon,"2003 Pokemon Skyridge Holo Piloswine #H22 CGC 8.5 NM-MT+","CGC 8.5",6072888002,Curated,9/19/25,Durham,157,,157
Pokémon,"2003 Pokemon Skyridge Reverse Holo Raticate #89 PSA 9 MINT","PSA 9",73324638,Curated,9/18/25,Durham,94,,94
Pokémon,"2004 Pokemon EX Hidden Legends Holo Groudon #102 CGC 9 MINT","CGC 9",6079543049,Curated,9/18/25,Durham,76.8,,76.8
Pokémon,"2004 Pokemon EX Hidden Legends Holo Groudon #102 CGC 9.5 MINT+","CGC 9.5",6079543048,Curated,9/18/25,Durham,108,,108
Pokémon,"2004 Pokemon EX Team Magma Vs Team Aqua Squirtle #46 PSA 7 NRMT","PSA 7",116025935,Curated,9/18/25,Durham,168,,168
Pokémon,"2004 Pokemon EX Team Rocket Returns Dark Dragonair #32 CGC 10 GEM MINT","CGC 10",6072426043,Curated,9/18/25,Durham,86,,86
Pokémon,"2004 Pokemon EX Team Rocket Returns Holo Dark Ampharos #2 CGC 9 MINT","CGC 9",6072426012,Curated,9/18/25,Durham,79,,79
Pokémon,"2004 Pokemon EX Team Rocket Returns Holo Dark Steelix #10 CGC 9 MINT","CGC 9",6072426021,Curated,9/18/25,Durham,88,,88
Pokémon,"2004 Pokemon EX Team Rocket Returns Reverse Holo Cubone #51 CGC 9 MINT","CGC 9",6072427099,Curated,9/18/25,Durham,134,,134
Pokémon,"2004 Pokemon EX Team Rocket Returns Reverse Holo Dark Arbok #29 CGC 8.5 NM-MT+","CGC 8.5",6072427077,Curated,9/19/25,Durham,72,,72
Pokémon,"2004 Pokemon EX Team Rocket Returns Reverse Holo Dark Ariados #30 CGC 9.5 MINT+","CGC 9.5",6072427078,Curated,9/19/25,Durham,70,,70
Pokémon,"2004 Pokemon EX Team Rocket Returns Reverse Holo Dark Dragonair #32 CGC 9 MINT","CGC 9",6072427080,Curated,9/18/25,Durham,208,,208
Pokémon,"2004 Pokemon EX Team Rocket Returns Reverse Holo Dark Flaaffy #33 CGC 9.5 MINT+","CGC 9.5",6072427081,Curated,9/18/25,Durham,92,,92
Pokémon,"2004 Pokemon EX Team Rocket Returns Reverse Holo Dark Magneton #39 CGC 9 MINT","CGC 9",6072427087,Curated,9/19/25,Durham,70,,70
Pokémon,"2004 Pokemon EX Team Rocket Returns Reverse Holo Dark Sandslash #18 CGC 8.5","CGC 8.5",6072427067,Curated,9/18/25,Durham,80,,80
Pokémon,"2004 Pokemon EX Team Rocket Returns Reverse Holo Dark Steelix #10 CGC 8.5 NM-MT+","CGC 8.5",6074544014,Curated,9/18/25,Durham,133,,133
Pokémon,"2004 Pokemon EX Team Rocket Returns Reverse Holo Pow! Hand Extension CGC 10 GEM","CGC 10",6072425029,Curated,9/18/25,Durham,106.95,,106.95
Pokémon,"2004 Pokemon EX Team Rocket Returns Reverse Holo Rattata #71 CGC 9.5 MINT+","CGC 9.5",6072425017,Curated,9/18/25,Durham,110,,110
Pokémon,"2004 Pokemon EX Team Rocket Returns Reverse Holo Skiploom #49 CGC 10 GEM MINT","CGC 10",6072427097,Curated,9/19/25,Durham,65,,65
Pokémon,"2004 Pokemon EX Team Rocket Returns Reverse Holo Togepi #50 CGC 8 NM-MT","CGC 8",6072427098,Curated,9/19/25,Durham,70,,70
Pokémon,"2004 Pokemon Japanese Battle-e FRLG Red Sub-Set Cool Couple Jos & Anne CGC 10","CGC 10",6054885054,Curated,9/18/25,Durham,150,,150
Pokémon,"2005 Pokemon EX Delta Species Ditto [Charmander] #37 CGC 10 GEM MINT","CGC 10",6077132038,Curated,9/18/25,Durham,220,,220
Pokémon,"2005 Pokemon EX Deoxys Holo Rocket's Raikou ex #108 CGC 8.5 NM-MT+","CGC 8.5",6079543047,Curated,9/18/25,Durham,216,,216
Pokémon,"2005 Pokemon EX Emerald Holo Deoxys #2 CGC 9 MINT","CGC 9",6077132050,Curated,9/18/25,Durham,97,,97
Pokémon,"2005 Pokemon EX Emerald Holo Kyogre #6 CGC 9 MINT","CGC 9",6060206003,Curated,9/18/25,Durham,92,,92
Pokémon,"2005 Pokemon Japanese Holon Research Tower 1st Ed Holo Metagross #40 CGC 9.5 GEM","CGC 9.5",4064273034,Curated,9/18/25,Durham,75,,75
Pokémon,"2005 Pokemon Japanese Movie Vs Pack Aaron's Aura #019 PSA 10 GEM MINT","PSA 10",55505785,Curated,9/19/25,Durham,207,,207
Pokémon,"2006 Pokemon EX Dragon Frontiers Reverse Holo Pinsir #9 CGC 10 GEM MINT","CGC 10",6047118286,Curated,9/18/25,Durham,143,,143
Pokémon,"2006 Pokemon EX Legend Maker Reverse Holo Delcatty #4 CGC 9.5 MINT+","CGC 9.5",6071934004,Curated,9/18/25,Durham,100,,100
Pokémon,"2006 Pokemon EX Legend Maker Reverse Holo Gastly #52 CGC 9 MINT","CGC 9",6069056001,Curated,9/18/25,Durham,121,,121
Pokémon,"2007 Pokemon Diamond & Pearl Mysterious Treasures Countdown Kricketot PSA 9 MINT","PSA 9",45200729,Curated,9/18/25,Durham,219,,219
Pokémon,"2007 Pokemon Japanese 10th Movie Promo Holo Seven Nights Jirachi PSA 10 GEM MINT","PSA 10",120647708,Curated,9/18/25,Durham,100,,100
Pokémon,"2007 Pokemon Japanese DP Promo Fan Club 7,000 Points Holo Palkia #6 CGC 10 GEM","CGC 10",6067120011,Curated,9/19/25,Durham,99,,99
Pokémon,"2008 Pokemon Japanese DP Bonds To The End Of Time 1st Ed Hippowdon LV.X CGC 10","CGC 10",6067120044,Curated,9/18/25,Durham,178,,178
Pokémon,"2008 Pokemon Japanese PPP Promotional Cards 2,000 EXP Points Holo Piplup CGC 10","CGC 10",6018169114,Curated,9/19/25,Durham,65,,65
Pokémon,"2008 Pokemon Japanese PPP Promotional Cards 2,000 EXP Points Holo Piplup CGC 10","CGC 10",6018169110,Curated,9/19/25,Durham,65,,65
Pokémon,"2009 Pokemon Japanese DP Promo Beat Of The Frontier Holo SP Energy #20 PSA 8.5","PSA 8.5",52319650,Curated,9/18/25,Durham,109,,109
Pokémon,"2009 Pokemon Japanese Soulsilver Collection 1st Ed. Reverse Foil Pikachu PSA 9","PSA 9",49389828,Curated,9/18/25,Durham,157,,157
Pokémon,"2011 Pokemon Black & White Noble Victories Staff Holo Karrablast #8 PSA 9 MINT","PSA 9",62398247,Curated,9/18/25,Durham,80,,80
Pokémon,"2011 Pokemon Japanese BW Dark Rush 1st Edition Full Art Raikou EX #71 CGC 9 MINT","CGC 9",6067121070,Curated,9/18/25,Durham,115,,115
Pokémon,"2012 Pokemon BW Next Destinies Test Print Without Text Mewtwo EX CGC 7.5 NRMT+","CGC 7.5",1401040794023,Curated,9/18/25,Durham,221,,221
Pokémon,"2012 Pokemon BW Next Destinies Test Print Without Text Mewtwo EX CGC 7.5 NRMT+","CGC 7.5",1401040794001,Curated,9/18/25,Durham,221,,221
Pokémon,"2012 Pokemon BW Next Destinies Test Print Without Text Mewtwo EX CGC 8 NM-MT","CGC 8",1401040794043,Curated,9/18/25,Durham,274,,274
Pokémon,"2012 Pokemon BW Next Destinies Test Print Without Text Mewtwo EX CGC 8 NM-MT","CGC 8",1401040794030,Curated,9/18/25,Durham,274,,274
Pokémon,"2012 Pokemon BW Next Destinies Test Print Without Text Regigigas EX CGC 8 NM-MT","CGC 8",1401040794077,Curated,9/18/25,Durham,271,,271
Pokémon,"2012 Pokemon Japanese BW Cold Flare 1st Edition SR Celebi EX #060 CGC 9.5 MINT+","CGC 9.5",6067119025,Curated,9/18/25,Durham,154,,154
Pokémon,"2012 Pokemon Japanese BW Dragon Blade 1st Edition Full Art Registeel EX CGC 10","CGC 10",6067119060,Curated,9/18/25,Durham,150,,150
Pokémon,"2012 Pokemon Japanese BW Dragon Blast 1st Edition Holo Mew EX #022 CGC 10 GEM","CGC 10",6067119047,Curated,9/18/25,Durham,171,,171
Pokémon,"2012 Pokemon Japanese BW Dragon Blast 1st Edition Mew EX #22 CGC 10 GEM MINT","CGC 10",6067120016,Curated,9/18/25,Durham,171,,171
Pokémon,"2012 Pokemon Japanese BW Dragon Blast 1st Edition Mew EX #22 CGC 10 GEM MINT","CGC 10",6067120015,Curated,9/18/25,Durham,170,,170
Pokémon,"2012 Pokemon Japanese BW Freeze Bolt Secret Rare Golurk #64 PSA 9 MINT","PSA 9",78731447,Curated,9/18/25,Durham,164,,164
Pokémon,"2012 Pokemon Japanese BW Thunder Knuckle 1st Edition Full Art Tornadus EX CGC 10","CGC 10",6067119022,Curated,9/18/25,Durham,114,,114
Pokémon,"2015 Pokemon Japanese XY Bandit Ring 1st Edition Gyarados #20 CGC 10 PRISTINE","CGC 10",6079542033,Curated,9/18/25,Durham,65,,65
Pokémon,"2015 Pokemon Japanese XY Emerald Break 1st Edition Holo Swellow #58 PSA 10 GEM","PSA 10",121266649,Curated,9/18/25,Durham,82,,82
Pokémon,"2015 Pokemon XY Ancient Origins M Ampharos EX #28 CGC 10 GEM MINT","CGC 10",6072208009,Curated,9/18/25,Durham,144,,144
Pokémon,"2015 Pokemon XY BREAKthrough Full Art M Houndoom EX #154 CGC 8.5 NM-MT+","CGC 8.5",6048609021,Curated,9/18/25,Durham,86.4,,86.4
Pokémon,"2015 Pokemon XY BREAKthrough SR Holo Mewtwo EX #164 CGC 8 NM-MT","CGC 8",6079458004,Curated,9/19/25,Durham,129,,129
Pokémon,"2016 Pokemon XY Breakpoint Holo Emboar EX #14 PSA 10 GEM MINT","PSA 10",48929892,Curated,9/18/25,Durham,162,,162
Pokémon,"2016 Pokemon XY Evolutions Full Art M Blastoise EX #102 CGC 9 MINT","CGC 9",6073220068,Curated,9/19/25,Durham,184,,184
Pokémon,"2016 Pokemon XY Evolutions Reverse Holo Chansey #70 PSA 10 GEM MINT","PSA 10",54281747,Curated,9/18/25,Durham,104.99,,104.99
Pokémon,"2016 Pokemon XY Steam Siege SEC Gardevoir EX #116 CGC 8.5 NM-MT+","CGC 8.5",6079289009,Curated,9/19/25,Durham,161,,161
Pokémon,"2017 Pokemon Japanese Best Of XY Alakazam Spirit Link #132 CGC 10 PRISTINE","CGC 10",6079552054,Curated,9/18/25,Durham,66,,66
Pokémon,"2017 Pokemon Japanese Best Of XY Alakazam Spirit Link #132 CGC 10 PRISTINE","CGC 10",6079542036,Curated,9/18/25,Durham,66,,66
Pokémon,"2017 Pokemon Japanese SM Promo '18 Gym Battle Palace Book #SM-P PSA 9 MINT","PSA 9",65186402,Curated,9/19/25,Durham,119,,119
Pokémon,"2017 Pokemon Japanese SM To Have Seen Battle Rainbow Charizard GX #11 PSA 10 GEM","PSA 10",111253655,Curated,9/18/25,Durham,86,,86
Pokémon,"2017 Pokemon XY Fates Collide Mega Powers Collection Zygarde EX #54a CGC 9 MINT","CGC 9",6061533019,Curated,9/18/25,Durham,116,,116
Pokémon,"2018 Pokemon Japanese SM Promo GX Starter Deck Holo Lugia #237 PSA 10 GEM MINT","PSA 10",121451885,Curated,9/18/25,Durham,71.59,,71.59
Pokémon,"2018 Pokemon Japanese Sun & Moon Promo Gym Battle Winner Palace Book CGC 9 MINT","CGC 9",3814957278,Curated,9/18/25,Durham,100,,100
Pokémon,"2019 Pokemon Cosmic Eclipse Reverse Holo Sylveon #155 CGC 10 GEM MINT","CGC 10",6034417086,Curated,9/18/25,Durham,90,,90
Pokémon,"2019 Pokemon Japanese Playing Cards Old Maid Gengar CGC 10 PRISTINE","CGC 10",6078063009,Curated,9/18/25,Durham,51.6,,51.6
Pokémon,"2019 Pokemon Japanese SM Detective Pikachu Charizard GX #7 PSA 10 GEM MINT","PSA 10",112904984,Curated,9/18/25,Durham,95.99,,95.99
Pokémon,"2019 Pokemon Japanese SM Miracle Twins Full Art Mewtwo & Mew GX #97 PSA 8 NM-MT","PSA 8",111298155,Curated,9/19/25,Durham,78,,78
Pokémon,"2019 Pokemon Japanese SM Reverse Holo Detective Pikachu #14 CGC 10 GEM MINT","CGC 10",6079540017,Curated,9/19/25,Durham,70,,70
Pokémon,"2019 Pokemon Japanese SM Tag Team GX Moltres Articuno Zapdos GX #102 PSA 10 GEM","PSA 10",120850189,Curated,9/19/25,Durham,85,,85
Pokémon,"2019 Pokemon Japanese SM Tag Team GX Moltres Articuno Zapdos GX #102 PSA 10 GEM","PSA 10",120850190,Curated,9/18/25,Durham,80,,80
Pokémon,"2019 Pokemon Japanese SM Tag Team GX Moltres Articuno Zapdos GX #102 PSA 10 GEM","PSA 10",120850191,Curated,9/18/25,Durham,80,,80
Pokémon,"2019 Pokemon Japanese Sun & Moon Night Unison Holo Greninja #28 CGC 10 PRISTINE","CGC 10",6078049018,Curated,9/18/25,Durham,70,,70
Pokémon,"2019 Pokemon Japanese SWSH Sword Hyper Rare Lapras VMAX #69 CGC 10 PRISTINE","CGC 10",6078063027,Curated,9/18/25,Durham,101,,101
Pokémon,"2019 Pokemon Japanese Tag Team Starter Espeon & Deoxys GX #001 PSA 10 GEM MINT","PSA 10",120850165,Curated,9/19/25,Durham,65,,65
Pokémon,"2019 Pokemon SM Black Star Promo Hidden Fates Holo Charizard GX #SM211 PSA 10","PSA 10",113854123,Curated,9/18/25,Durham,83.79,,83.79
Pokémon,"2019 Pokemon SM Hidden Fates Shiny Vault Full Art Shiny Ho-Oh GX #SV50 CGC 10","CGC 10",6078035058,Curated,9/18/25,Durham,149,,149
Pokémon,"2019 Pokemon Sun & Moon Team Up Holo Eevee & Snorlax GX #120 CGC 9 MINT","CGC 9",6079289003,Curated,9/19/25,Durham,123,,123
Pokémon,"2020 Pokemon Chinese S Promo V Fight Reverse Holo Charizard #76 PSA 10 GEM MINT","PSA 10",63248503,Curated,9/19/25,Durham,151.8,,151.8
Pokémon,"2020 Pokemon Chinese S Promo V SR Fight Reverse Holo Charizard #076 PSA 10 GEM","PSA 10",62534184,Curated,9/19/25,Durham,151.8,,151.8
Pokémon,"2020 Pokemon Chinese S Promo V SR Fight Reverse Holo Charizard #076 PSA 10 GEM","PSA 10",62534182,Curated,9/19/25,Durham,151.8,,151.8
Pokémon,"2020 Pokemon Chinese S Promo V SR Fight Reverse Holo Charizard #076 PSA 10 GEM","PSA 10",62534183,Curated,9/19/25,Durham,151.8,,151.8
Pokémon,"2020 Pokemon Japanese Marumiya SWSH Stickers Holo Mr. Mime Pikachu Eevee CGC 10","CSG 0",6017540099,Curated,9/18/25,Durham,339,,339
Pokémon,"2020 Pokemon Japanese S Promo Corocoro Ichiban! Holo Indeedee #109 PSA 10 GEM","PSA 10",63457530,Curated,9/18/25,Durham,108,,108
Pokémon,"2021 Pokemon Japanese 25th Anniversary Promo Holo Blastoise #3 PSA 10 GEM MINT","PSA 10",100112928,Curated,9/18/25,Durham,135,,135
Pokémon,"2021 Pokemon Japanese 25th Anniversary Promo Holo Blastoise #3 PSA 10 GEM MINT","PSA 10",114564110,Curated,9/18/25,Durham,135,,135
Pokémon,"2021 Pokemon Japanese 25th Anniversary Promo Holo Blastoise #3 PSA 10 GEM MINT","PSA 10",114564112,Curated,9/19/25,Durham,150,,150
Pokémon,"2021 Pokemon Japanese 25th Anniversary Promo Holo Mewtwo EX #22 PSA 10 GEM MINT","PSA 10",117987320,Curated,9/18/25,Durham,86,,86
Pokémon,"2021 Pokemon Japanese SWSH 25th Anniversary Promo Holo Blastoise #3 PSA 10 GEM","PSA 10",111350129,Curated,9/18/25,Durham,135,,135
Pokémon,"2021 Pokemon Japanese SWSH Climax Full Art Sylveon VMAX #232 PSA 10 GEM MINT","PSA 10",113453796,Curated,9/18/25,Durham,104.28,,104.28
Pokémon,"2021 Pokemon Japanese SWSH Eevee Heroes Hyper Rare Sylveon VMAX #92 PSA 10 GEM","PSA 10",101984553,Curated,9/18/25,Durham,88.54,,88.54
Pokémon,"2021 Pokemon Japanese SWSH Fusion Arts Full Art Mew V #39 CGC 10 PRISTINE","CGC 10",6079542024,Curated,9/18/25,Durham,80,,80
Pokémon,"2021 Pokemon Japanese SWSH VMAX Climax CHR Blaziken VMAX #217 PSA 10 GEM MINT","PSA 10",121232108,Curated,9/18/25,Durham,77.34,,77.34
Pokémon,"2021 Pokemon Japanese SWSH VMAX Climax CSR Blaziken VMAX #217 PSA 10 GEM MINT","PSA 10",121451909,Curated,9/18/25,Durham,77.34,,77.34
Pokémon,"2021 Pokemon Japanese SWSH VMAX Climax CSR Pikachu V #222 CGC 10 GEM MINT","CGC 10",4011186006,Curated,9/18/25,Durham,100,,100
Pokémon,"2021 Pokemon Japanese SWSH VMAX Climax Full Art Blaziken VMAX #217 PSA 10 GEM","PSA 10",117891726,Curated,9/18/25,Durham,77.34,,77.34
Pokémon,"2021 Pokemon Japanese SWSH VMAX Climax Full Art Blaziken VMAX #217 PSA 10 GEM","PSA 10",111348586,Curated,9/18/25,Durham,77.34,,77.34
Pokémon,"2021 Pokemon Japanese SWSH VMAX Climax Full Art Pikachu V #222 CGC 10 GEM MINT","CGC 10",6028672060,Curated,9/19/25,Durham,100,,100
Pokémon,"2021 Pokemon SM Black Star Promo Premium Reshiram & Charizard GX #SM247 CGC 10","CGC 10",6073199002,Curated,9/18/25,Durham,250,,250
Pokémon,"2021 Pokemon Sword & Shield Evolving Skies Pikachu #49 PSA 10 GEM MINT","PSA 10",114295192,Curated,9/18/25,Durham,61,,61
Pokémon,"2021 Pokemon Sword & Shield Fusion Strike Holo Mew V #113 PSA 10 GEM MINT","PSA 10",70252421,Curated,9/18/25,Durham,96,,96
Pokémon,"2021 Pokemon SWSH Black Star Promo Celebrations Lance's Charizard V #133 CGC 10","CGC 10",6072812043,Curated,9/19/25,Durham,75,,75
Pokémon,"2021 Pokemon SWSH Black Star Promo Celebrations Pikachu V Union #140 PSA 10 GEM","PSA 10",103588418,Curated,9/18/25,Durham,90,,90
Pokémon,"2021 Pokemon SWSH Black Star Promo Celebrations Pikachu V Union PSA 8 NM-MT","PSA 8",104032862,Curated,9/19/25,Durham,65,,65
Pokémon,"2021 Pokemon SWSH Evolving Skies Alt Art Glaceon V #175 CGC 9.5 MINT+","CGC 9.5",6079289002,Curated,9/19/25,Durham,115.2,,115.2
Pokémon,"2021 Pokemon SWSH Fusion Strike Full Art Inteleon VMAX #266 PSA 10 GEM MINT","PSA 10",106398870,Curated,9/18/25,Durham,175,,175
Pokémon,"2021 Pokemon SWSH Shining Fates Shiny Full Art Charizard VMAX BGS 9.5 GEM MINT","BGS 9.5",0014662020,Curated,9/18/25,Durham,200,,200
Pokémon,"2022 Pokemon Japanese SWSH Dark Phantasma CHR Gengar #74 PSA 10 GEM MINT","PSA 10",120850661,Curated,9/18/25,Durham,110.65,,110.65
Pokémon,"2022 Pokemon Japanese SWSH Dark Phantasma CHR Gengar #74 PSA 10 GEM MINT","PSA 10",120850662,Curated,9/18/25,Durham,110.65,,110.65
Pokémon,"2022 Pokemon Japanese SWSH Dark Phantasma Full Art Gengar #74 PSA 10 GEM MINT","PSA 10",112561728,Curated,9/18/25,Durham,110.65,,110.65
Pokémon,"2022 Pokemon Japanese SWSH Dark Phantasma Full Art Gengar #74 PSA 10 GEM MINT","PSA 10",114419272,Curated,9/19/25,Durham,101.65,,101.65
Pokémon,"2022 Pokemon Japanese SWSH Illustration Contest Bulbasaur #337 PSA 10 GEM MINT","PSA 10",122056676,Curated,9/19/25,Durham,73,,73
Pokémon,"2022 Pokemon Japanese SWSH Illustration Contest Bulbasaur #337 PSA 10 GEM MINT","PSA 10",122056677,Curated,9/19/25,Durham,73,,73
Pokémon,"2022 Pokemon Japanese SWSH Promo Champ. Point Reward Celebration Fanfare CGC 10","CGC 10",6071756004,Curated,9/18/25,Durham,152,,152
Pokémon,"2022 Pokemon Japanese SWSH Promo Get Challenge Lugia V #324 PSA 10 GEM MINT","PSA 10",122951919,Curated,9/18/25,Durham,99,,99
Pokémon,"2022 Pokemon Japanese SWSH Promo Mystery Box Lugia V #322 PSA 10 GEM MINT","PSA 10",111253666,Curated,9/18/25,Durham,140,,140
Pokémon,"2022 Pokemon Japanese SWSH Start 100 CoroCoro Reverse Holo Snorlax #8 CGC 10","CGC 10",6079540029,Curated,9/18/25,Durham,76,,76
Pokémon,"2022 Pokemon Japanese SWSH Universe Gold Rare Origin Forme Palkia VSTAR PSA 10","PSA 10",116873133,Curated,9/18/25,Durham,113.88,,113.88
Pokémon,"2022 Pokemon Japanese SWSH Universe HR Origin Forme Palkia VSTAR PSA 10 GEM MINT","PSA 10",116254708,Curated,9/18/25,Durham,113.88,,113.88
Pokémon,"2022 Pokemon Japanese SWSH VSTAR Universe SAR Charizard V #211 PSA 10 GEM MINT","PSA 10",114419292,Curated,9/18/25,Durham,101.91,,101.91
Pokémon,"2022 Pokemon Japanese SWSH VSTAR Universe SAR Leafeon VSTAR #210 PSA 10 GEM MINT","PSA 10",120850172,Curated,9/18/25,Durham,83,,83
Pokémon,"2022 Pokemon Japanese SWSH VSTAR Universe SAR Mewtwo VSTAR #221 PSA 9 MINT","PSA 9",116873132,Curated,9/18/25,Durham,84.99,,84.99
Pokémon,"2022 Pokemon Japanese SWSH VSTAR Universe SAR Mewtwo VSTAR #221 PSA 9 MINT","PSA 9",121450962,Curated,9/18/25,Durham,84.99,,84.99
Pokémon,"2022 Pokemon Japanese SWSH VSTAR Universe SAR Mewtwo VSTAR #221 PSA 9 MINT","PSA 9",114564083,Curated,9/18/25,Durham,84.99,,84.99
Pokémon,"2022 Pokemon Japanese SWSH VSTAR Universe SAR Mewtwo VSTAR #221 PSA 9 MINT","PSA 9",121450961,Curated,9/18/25,Durham,84.99,,84.99
Pokémon,"2022 Pokemon Japanese SWSH VSTAR Universe SAR Suicune V #215 PSA 10 GEM MINT","PSA 10",116254718,Curated,9/18/25,Durham,81,,81
Pokémon,"2022 Pokemon Sword & Shield GO Holo Radiant Charizard #11 PSA 10 GEM MINT","PSA 10",70648574,Curated,9/18/25,Durham,192.5,,192.5
Pokémon,"2022 Pokemon SWSH Astral Radiance Gold Rare Hisuian Samurott VSTAR #209 CGC 10","CGC 10",6074905058,Curated,9/18/25,Durham,114,,114
Pokémon,"2022 Pokemon SWSH Brilliant Stars Full Art Shaymin V #152 CGC 10 PRISTINE","CGC 10",6076945076,Curated,9/18/25,Durham,112,,112
Pokémon,"2022 Pokemon SWSH Silver Tempest Gold Rare Rayquaza VMAX #TG29 PSA 10 GEM MINT","PSA 10",111080378,Curated,9/18/25,Durham,155.5,,155.5
Pokémon,"2023 Pokemon Japanese Scarlet & Violet 151 Full Art Mew ex #208 PSA 10 GEM MINT","PSA 10",114564127,Curated,9/18/25,Durham,80,,80
Pokémon,"2023 Pokemon Japanese Scarlet & Violet 151 Full Art Mew ex #208 PSA 10 GEM MINT","PSA 10",114564128,Curated,9/18/25,Durham,80,,80
Pokémon,"2023 Pokemon Japanese Scarlet & Violet 151 SAR Venusaur ex #200 CGC 10 GEM MINT","CGC 10",6079530025,Curated,9/18/25,Durham,109,,109
Pokémon,"2023 Pokemon Japanese Scarlet & Violet 151 SAR Venusaur ex #200 CGC AUTH","CGC ",6040311028,Curated,9/18/25,Durham,83,,83
Pokémon,"2023 Pokemon Japanese Scarlet & Violet ex SAR Miriam #105 CGC 10 GEM MINT","CGC 10",6067119087,Curated,9/19/25,Durham,155,,155
Pokémon,"2023 Pokemon Japanese SV 151 Full Art Charizard ex #185 PSA 10 GEM MINT","PSA 10",101117906,Curated,9/18/25,Durham,75,,75
Pokémon,"2023 Pokemon Japanese SV 151 Master Ball Reverse Holo Arcanine #059 PSA 10 GEM","PSA 10",102340884,Curated,9/19/25,Durham,70,,70
Pokémon,"2023 Pokemon Japanese SV 151 Master Ball Reverse Holo Arcanine #059 PSA 10 GEM","PSA 10",102340889,Curated,9/19/25,Durham,70,,70
Pokémon,"2023 Pokemon Japanese SV 151 Master Ball Reverse Holo Arcanine #059 PSA 10 GEM","PSA 10",102340885,Curated,9/19/25,Durham,70,,70
Pokémon,"2023 Pokemon Japanese SV 151 Master Ball Reverse Holo Arcanine #059 PSA 10 GEM","PSA 10",102340887,Curated,9/19/25,Durham,70,,70
Pokémon,"2023 Pokemon Japanese SV 151 Master Ball Reverse Holo Arcanine #059 PSA 10 GEM","PSA 10",102340888,Curated,9/19/25,Durham,70,,70
Pokémon,"2023 Pokemon Japanese SV 151 Master Ball Reverse Holo Gastly #92 PSA 10 GEM MINT","PSA 10",96038044,Curated,9/19/25,Durham,99.99,,99.99
Pokémon,"2023 Pokemon Japanese SV Promo Gym Event Campaign Pikachu #120 PSA 10 GEM MINT","PSA 10",120850188,Curated,9/18/25,Durham,96.59,,96.59
Pokémon,"2023 Pokemon Japanese SV Promo Gym Event Campaign Pikachu #120 PSA 10 GEM MINT","PSA 10",122951879,Curated,9/18/25,Durham,96.59,,96.59
Pokémon,"2023 Pokemon Japanese SV Promo Gym Event Campaign Pikachu #120 PSA 10 GEM MINT","PSA 10",120113671,Curated,9/18/25,Durham,96.59,,96.59
Pokémon,"2023 Pokemon Japanese SV Promo Gym Event Campaign Pikachu #120 PSA 10 GEM MINT","PSA 10",122951947,Curated,9/18/25,Durham,96.59,,96.59
Pokémon,"2023 Pokemon Japanese SV Promo Yu Nagaba X PCG Campaign Glaceon #69 PSA 10 GEM","PSA 10",121450955,Curated,9/18/25,Durham,123.5,,123.5
Pokémon,"2023 Pokemon Japanese SV Shiny Treasure EX Shiny Mew ex #327 PSA 10 GEM MINT","PSA 10",92835729,Curated,9/19/25,Durham,72.7,,72.7
Pokémon,"2023 Pokemon Japanese SV Shiny Treasure SAR Gardevoir ex #348 CGC 9 MINT","CGC 9",6079530023,Curated,9/18/25,Durham,99,,99
Pokémon,"2023 Pokemon Scarlet & Violet 151 IR Nidoking #174 PSA 10 GEM MINT","PSA 10",120561208,Curated,9/18/25,Durham,105.5,,105.5
Pokémon,"2023 Pokemon Scarlet & Violet 151 IR Nidoking #174 PSA 10 GEM MINT","PSA 10",117532954,Curated,9/18/25,Durham,105.5,,105.5
Pokémon,"2023 Pokemon Scarlet & Violet 151 SIR Charizard ex #199 PSA 7 NRMT","PSA 7",120523204,Curated,9/18/25,Durham,207.97,,207.97
Pokémon,"2023 Pokemon Scarlet & Violet 151 SIR Giovanni's Charisma #204 PSA 10 GEM MINT","PSA 10",120561297,Curated,9/19/25,Durham,120,,120
Pokémon,"2023 Pokemon Scarlet & Violet 151 SIR Venusaur ex #198 PSA 9 MINT","PSA 9",117492913,Curated,9/18/25,Durham,93,,93
Pokémon,"2023 Pokemon Scarlet & Violet 151 SIR Venusaur ex #198 PSA 9 MINT","PSA 9",115288449,Curated,9/18/25,Durham,93,,93
Pokémon,"2023 Pokemon SV 151 Black Star Promo Ultra Premium Full Art Mew ex #53 PSA 9","PSA 9",117967286,Curated,9/18/25,Durham,140,,140
Pokémon,"2023 Pokemon SV 151 Black Star Promo Ultra Premium Full Art Mew ex #53 PSA 9","PSA 9",117967292,Curated,9/18/25,Durham,140,,140
Pokémon,"2023 Pokemon SV 151 Black Star Promo Ultra Premium Full Art Mew ex #53 PSA 9","PSA 9",117967289,Curated,9/18/25,Durham,170.61,,170.61
Pokémon,"2023 Pokemon SV 151 Black Star Promo Ultra Premium Full Art Mew ex #53 PSA 9","PSA 9",117967287,Curated,9/18/25,Durham,170.61,,170.61
Pokémon,"2023 Pokemon SV Paldea Evolved Gold Rare Meowscarada ex #271 CGC 9 MINT","CGC 9",6074905056,Curated,9/18/25,Durham,93,,93
Pokémon,"2023 Pokemon SV Paldea Evolved Gold Rare Meowscarada ex #271 CGC 9 MINT","CGC 9",6074905060,Curated,9/18/25,Durham,93,,93
Pokémon,"2023 Pokemon Sword & Shield Crown Zenith Full Art Absol #GG16 PSA 10 GEM MINT","PSA 10",116421309,Curated,9/18/25,Durham,100,,100
Pokémon,"2023 Pokemon Sword & Shield Crown Zenith Holo Radiant Charizard #20 PSA 10 GEM","PSA 10",116422113,Curated,9/18/25,Durham,119.99,,119.99
Pokémon,"2023 Pokemon SWSH Crown Zenith Alt Art Glaceon VSTAR #GG40 CGC 10 GEM MINT","CGC 10",6075548080,Curated,9/19/25,Durham,84,,84
Pokémon,"2023 Pokemon SWSH Crown Zenith Full Art Gardenia's Vigor #GG61 PSA 10 GEM MINT","PSA 10",74078963,Curated,9/18/25,Durham,69.09,,69.09
Pokémon,"2023 Pokemon SWSH Crown Zenith Full Art Regigigas VSTAR #GG55 PSA 10 GEM MINT","PSA 10",93826750,Curated,9/18/25,Durham,127.5,,127.5
Pokémon,"2024 Pokemon Japanese SV Paradise Dragona Full Art Latios #70 PSA 10 GEM MINT","PSA 10",120250166,Curated,9/19/25,Durham,65,,65
Pokémon,"2024 Pokemon Japanese SV Promo Gym Event Campaign Pikachu #197 BGS 10 PRISTINE","BGS 10",0018509598,Curated,9/18/25,Durham,150,,150
Pokémon,"2024 Pokemon Japanese SV Super Electric Breaker Full Art Pikachu ex #122 PSA 10","PSA 10",101401569,Curated,9/18/25,Durham,92.86,,92.86
Pokémon,"2024 Pokemon Japanese SV Super Electric Breaker Full Art Pikachu ex #122 PSA 10","PSA 10",102426625,Curated,9/19/25,Durham,92.86,,92.86
Pokémon,"2024 Pokemon Japanese SV Terastal Fest ex Gold Rare Pikachu ex #236 PSA 10 GEM","PSA 10",116873153,Curated,9/18/25,Durham,114.72,,114.72
Pokémon,"2024 Pokemon Japanese SV Terastal Fest ex Gold Rare Pikachu ex #236 PSA 10 GEM","PSA 10",116873152,Curated,9/18/25,Durham,114.72,,114.72
Pokémon,"2024 Pokemon Japanese SV Terastal Fest ex Hyper Rare Pikachu ex #236 PSA 10 GEM","PSA 10",103540091,Curated,9/18/25,Durham,114.72,,114.72
Pokémon,"2024 Pokemon Japanese SV Terastal Fest ex Hyper Rare Pikachu ex #236 PSA 10 GEM","PSA 10",103540083,Curated,9/18/25,Durham,114.72,,114.72
Pokémon,"2024 Pokemon Japanese SV Terastal Fest ex Hyper Rare Pikachu ex #236 PSA 10 GEM","PSA 10",103540087,Curated,9/18/25,Durham,114.72,,114.72
Pokémon,"2024 Pokemon Japanese SV Terastal Fest ex Hyper Rare Pikachu ex #236 PSA 10 GEM","PSA 10",103540085,Curated,9/18/25,Durham,114.72,,114.72
Pokémon,"2024 Pokemon Japanese SV Terastal Fest ex Hyper Rare Pikachu ex #236 PSA 10 GEM","PSA 10",103540090,Curated,9/18/25,Durham,114.72,,114.72
Pokémon,"2024 Pokemon Japanese SV Terastal Fest ex Hyper Rare Pikachu ex #236 PSA 10 GEM","PSA 10",101526521,Curated,9/18/25,Durham,114.72,,114.72
Pokémon,"2024 Pokemon Japanese SV Terastal Fest ex Master Ball Holo Umbreon #92 CGC 9.5","CGC 9.5",6049686087,Curated,9/19/25,Durham,329,,329
Pokémon,"2024 Pokemon Japanese SV Terastal Fest ex SAR Eevee ex #224 PSA 10 GEM MINT","PSA 10",112555157,Curated,9/19/25,Durham,82.49,,82.49
Pokémon,"2024 Pokemon Japanese SV Terastal Fest ex SAR Eevee ex #224 PSA 10 GEM MINT","PSA 10",121450912,Curated,9/19/25,Durham,103.85,,103.85
Pokémon,"2024 Pokemon Japanese SV Terastal Fest ex SAR Espeon ex #211 PSA 9 MINT","PSA 9",121142290,Curated,9/19/25,Durham,70.98,,70.98
Pokémon,"2024 Pokemon Japanese SV Terastal Fest ex SAR Flareon ex #202 PSA 10 GEM MINT","PSA 10",120632091,Curated,9/18/25,Durham,84,,84
Pokémon,"2024 Pokemon Japanese SV Terastal Fest ex SAR Flareon ex #202 PSA 10 GEM MINT","PSA 10",120561296,Curated,9/18/25,Durham,84,,84
Pokémon,"2024 Pokemon Japanese SV Terastal Fest ex SAR Flareon ex #202 PSA 10 GEM MINT","PSA 10",109236639,Curated,9/18/25,Durham,84,,84
Pokémon,"2024 Pokemon Japanese SV Terastal Fest ex SAR Flareon ex #202 PSA 10 GEM MINT","PSA 10",108656473,Curated,9/19/25,Durham,83.35,,83.35
Pokémon,"2024 Pokemon Japanese SV Terastal Fest ex SAR Glaceon ex #206 CGC 10 PRISTINE","CGC 10",6079530002,Curated,9/18/25,Durham,100,,100
Pokémon,"2024 Pokemon Japanese SV Terastal Fest ex SAR Glaceon ex #206 PSA 10 GEM MINT","PSA 10",111298144,Curated,9/18/25,Durham,96,,96
Pokémon,"2024 Pokemon Japanese SV Terastal Fest ex SAR Leafeon ex #200 PSA 10 GEM MINT","PSA 10",114661864,Curated,9/18/25,Durham,103.5,,103.5
Pokémon,"2024 Pokemon Japanese SV Terastal Fest ex SAR Leafeon ex #200 PSA 10 GEM MINT","PSA 10",117892033,Curated,9/18/25,Durham,103.5,,103.5
Pokémon,"2024 Pokemon Japanese SV Terastal Fest ex SAR Roaring Moon ex #218 PSA 10 GEM","PSA 10",111479447,Curated,9/18/25,Durham,76,,76
Pokémon,"2024 Pokemon Japanese SV Terastal Fest ex SAR Roaring Moon ex #218 PSA 10 GEM","PSA 10",111479442,Curated,9/18/25,Durham,76,,76
Pokémon,"2024 Pokemon Japanese SV Terastal Fest ex SAR Roaring Moon ex #218 PSA 10 GEM","PSA 10",111479443,Curated,9/18/25,Durham,76,,76
Pokémon,"2024 Pokemon Japanese SV Terastal Fest ex SAR Roaring Moon ex #218 PSA 10 GEM","PSA 10",121142278,Curated,9/19/25,Durham,96.95,,96.95
Pokémon,"2024 Pokemon Japanese SV Terastal Fest ex SAR Roaring Moon ex #218 PSA 10 GEM","PSA 10",121142286,Curated,9/19/25,Durham,96.95,,96.95
Pokémon,"2024 Pokemon Japanese SV Terastal Fest ex SAR Roaring Moon ex #218 PSA 10 GEM","PSA 10",121142277,Curated,9/19/25,Durham,96.95,,96.95
Pokémon,"2024 Pokemon Japanese SV Terastal Fest ex SAR Roaring Moon ex #218 PSA 10 GEM","PSA 10",121142279,Curated,9/19/25,Durham,96.95,,96.95
Pokémon,"2024 Pokemon Japanese SV Terastal Fest ex SAR Roaring Moon ex #218 PSA 10 GEM","PSA 10",121142280,Curated,9/19/25,Durham,96.95,,96.95
Pokémon,"2024 Pokemon Japanese SV Terastal Fest ex SAR Roaring Moon ex #218 PSA 10 GEM","PSA 10",121142288,Curated,9/19/25,Durham,96.95,,96.95
Pokémon,"2024 Pokemon Japanese SV Terastal Fest ex SAR Roaring Moon ex #218 PSA 10 GEM","PSA 10",121142287,Curated,9/19/25,Durham,96.95,,96.95
Pokémon,"2024 Pokemon Japanese SV Terastal Fest ex SAR Roaring Moon ex #218 PSA 10 GEM","PSA 10",121142284,Curated,9/19/25,Durham,96.95,,96.95
Pokémon,"2024 Pokemon Japanese SV Terastal Fest ex SAR Roaring Moon ex #218 PSA 10 GEM","PSA 10",121142281,Curated,9/19/25,Durham,96.95,,96.95
Pokémon,"2024 Pokemon Japanese SV Terastal Fest ex SAR Roaring Moon ex #218 PSA 10 GEM","PSA 10",121142282,Curated,9/19/25,Durham,96.95,,96.95
Pokémon,"2024 Pokemon Japanese SV Terastal Fest Ex SAR Roaring Moon EX #218 PSA 10 GEM","PSA 10",112680333,Curated,9/19/25,Durham,76,,76
Pokémon,"2024 Pokemon Japanese SV Terastal Fest ex SAR Roaring Moon ex #218 PSA 10 GEM","PSA 10",121142283,Curated,9/19/25,Durham,96.95,,96.95
Pokémon,"2024 Pokemon Japanese SV Terastal Fest ex SAR Vaporeon ex #205 PSA 10 GEM MINT","PSA 10",120632103,Curated,9/19/25,Durham,108,,108
Pokémon,"2024 Pokemon Japanese SV Terastal Fest Ex SAR Vaporeon EX #205 PSA 10 GEM MINT","PSA 10",111298146,Curated,9/18/25,Durham,97,,97
Pokémon,"2024 Pokemon Japanese SV Terastal Fest ex SAR Vaporeon ex #205 PSA 10 GEM MINT","PSA 10",116254735,Curated,9/18/25,Durham,111.7,,111.7
Pokémon,"2024 Pokemon Japanese SV Terastal Fest SAR Eevee Ex #224 PSA 10 GEM MINT","PSA 10",112852291,Curated,9/18/25,Durham,70,,70
Pokémon,"2024 Pokemon Scarlet & Violet Stellar Crown Full Art Dachsbun ex #160 PSA 10 GEM","PSA 10",119808402,Curated,9/18/25,Durham,79.98,,79.98
Pokémon,"2024 Pokemon Scarlet & Violet Surging Sparks SIR Latias EX #239 PSA 9 MINT","PSA 9",119411341,Curated,9/18/25,Durham,202.5,,202.5
Pokémon,"2024 Pokemon Scarlet & Violet Twilight Masquerade IR Lairon #184 CGC 10 PRISTINE","CGC 10",6047118296,Curated,9/18/25,Durham,70,,70
Pokémon,"2024 Pokemon SV Temporal Forces SIR Gouging Fire ex #204 CGC 10 GEM MINT","CGC 10",6075557021,Curated,9/18/25,Durham,103.93,,103.93
Pokémon,"2025 Pokemon Japanese SV Black Bolt Art Rare Seismitoad #109 PSA 9 MINT","PSA 9",121232084,Curated,9/18/25,Durham,110,,110
Pokémon,"2025 Pokemon Japanese SV Heat Wave Arena SAR Ethan's Adventure #089 PSA 10 GEM","PSA 10",116254726,Curated,9/18/25,Durham,120,,120
Pokémon,"2025 Pokemon Japanese SV Heat Wave Arena SAR Ethan's Adventure #89 CGC AUTH","CGC ",6043861001,Curated,9/18/25,Durham,80,,80
Pokémon,"2025 Pokemon SV Black Star Promo Illustration Contest '24 Feraligatr #213 PSA 10","PSA 10",116737219,Curated,9/18/25,Durham,130,,130
Pokémon,"2025 Pokemon SV Black Star Promo Prismatic Evolutions ETB Eevee #173 CGC 10 GEM","CGC 10",6079562060,Curated,9/18/25,Durham,54,,54
Pokémon,"2025 Pokemon SV Black Star Promo Prismatic Evolutions ETB Eevee #173 PSA 10 GEM","PSA 10",120561254,Curated,9/19/25,Durham,150,,150
Pokémon,"2025 Pokemon SV Black Star Promo Prismatic Evolutions ETB Eevee #173 PSA 10 GEM","PSA 10",120632111,Curated,9/19/25,Durham,150,,150
Pokémon,"2025 Pokemon SV Destined Rivals SIR Rocket's Nidoking EX #233 PSA 9 MINT","PSA 9",123901286,Curated,9/18/25,Durham,135,,135
Pokémon,"2025 Pokemon SV Destined Rivals SIR Team Rocket's Crobat ex #234 CGC 9 MINT","CGC 9",6078873044,Curated,9/18/25,Durham,82,,82
Pokémon,"2025 Pokemon SV Destined Rivals SIR Team Rocket's Crobat ex #234 CGC 9 MINT","CGC 9",6078873042,Curated,9/18/25,Durham,82,,82
Pokémon,"2025 Pokemon SV Destined Rivals SIR Team Rocket's Nidoking ex #233 CGC 9 MINT","CGC 9",6078873037,Curated,9/19/25,Durham,139,,139
Pokémon,"2025 Pokemon SV Destined Rivals SIR Team Rocket's Nidoking ex #233 CGC 9 MINT","CGC 9",6078873036,Curated,9/19/25,Durham,139,,139
Pokémon,"2025 Pokemon SV Prismatic Evolutions Surprise Box Holo Eevee ex #75 PSA 10 GEM","PSA 10",120632114,Curated,9/18/25,Durham,102.5,,102.5
Pokémon,"2025 Pokemon SV Prismatic Evolutions Surprise Box Holo Jolteon ex #30 PSA 10 GEM","PSA 10",120561293,Curated,9/18/25,Durham,80,,80
Pokémon,"2025 Pokemon SV Prismatic Evolutions Surprise Box Holo Jolteon ex #30 PSA 10 GEM","PSA 10",120632087,Curated,9/19/25,Durham,93,,93
